{
  "src/__init__.py": {
    "total": [0, 0, 0, 0, 0, 0, 0, 0, 0, 0, 0.0, 0.0],
    "functions": []
  },
  "src/cvrp/constraints_validators.py": {
    "total": [
      11, 27, 18, 33, 38, 51, 166.43571036342394, 267.64430318562285,
      6.722222222222222, 1799.1644825255757, 99.95358236253199,
      0.08921476772854095
    ],
    "functions": [
      [
        "is_valid",
        [
          6, 11, 8, 15, 17, 23, 53.563522809337215, 94.01164534875782,
          4.090909090909091, 384.59309460855474, 21.366283033808596,
          0.031337215116252606
        ]
      ],
      [
        "is_valid",
        [
          1, 2, 1, 2, 3, 3, 2.0, 4.754887502163469, 0.5, 2.3774437510817346,
          0.1320802083934297, 0.0015849625007211565
        ]
      ],
      [
        "is_valid",
        [
          5, 9, 5, 9, 14, 14, 40.13896548741762, 53.30296890880645, 2.5,
          133.25742227201613, 7.403190126223119, 0.017767656302935482
        ]
      ],
      [
        "is_valid",
        [
          4, 6, 4, 7, 10, 11, 23.509775004326936, 36.541209043760986,
          2.3333333333333335, 85.26282110210897, 4.736823394561609,
          0.012180403014586996
        ]
      ]
    ]
  },
  "src/cvrp/ecvrp.py": {
    "total": [
      13, 65, 47, 84, 78, 131, 439.5596241826837, 823.3876906709546, 8.4,
      6916.456601636019, 384.2475889797788, 0.2744625635569849
    ],
    "functions": [
      [
        "__init__",
        [
          1, 2, 1, 2, 3, 3, 2.0, 4.754887502163469, 0.5, 2.3774437510817346,
          0.1320802083934297, 0.0015849625007211565
        ]
      ],
      ["get_instance", [0, 0, 0, 0, 0, 0, 0, 0, 0, 0, 0.0, 0.0]],
      ["get_points", [0, 0, 0, 0, 0, 0, 0, 0, 0, 0, 0.0, 0.0]],
      [
        "get_roads",
        [
          4, 6, 5, 10, 10, 15, 23.509775004326936, 49.82892142331044,
          3.3333333333333335, 166.09640474436813, 9.227578041353786,
          0.016609640474436815
        ]
      ],
      [
        "get_fitness",
        [
          1, 2, 1, 2, 3, 3, 2.0, 4.754887502163469, 0.5, 2.3774437510817346,
          0.1320802083934297, 0.0015849625007211565
        ]
      ],
      [
        "_compute_fitness",
        [
          1, 2, 1, 2, 3, 3, 2.0, 4.754887502163469, 0.5, 2.3774437510817346,
          0.1320802083934297, 0.0015849625007211565
        ]
      ],
      [
        "_compute_road_fitness",
        [
          1, 2, 1, 2, 3, 3, 2.0, 4.754887502163469, 0.5, 2.3774437510817346,
          0.1320802083934297, 0.0015849625007211565
        ]
      ],
      [
        "best_place_for",
        [
          5, 9, 10, 16, 14, 26, 40.13896548741762, 98.9912279734977,
          4.444444444444445, 439.96101321554534, 24.44227851197474,
          0.0329970759911659
        ]
      ],
      [
        "__closest_charger",
        [
          1, 2, 1, 2, 3, 3, 2.0, 4.754887502163469, 0.5, 2.3774437510817346,
          0.1320802083934297, 0.0015849625007211565
        ]
      ],
      [
        "_road_correction",
        [
          3, 6, 6, 9, 9, 15, 20.264662506490406, 47.548875021634686, 2.25,
          106.98496879867804, 5.943609377704336, 0.01584962500721156
        ]
      ],
      [
        "__remove_point",
        [
          1, 2, 1, 2, 3, 3, 2.0, 4.754887502163469, 0.5, 2.3774437510817346,
          0.1320802083934297, 0.0015849625007211565
        ]
      ],
      [
        "__merge_roads",
        [
          3, 5, 4, 8, 8, 12, 16.36452797660028, 36.0, 2.4, 86.39999999999999,
          4.8, 0.012
        ]
      ],
      ["__pull_off_chargers", [0, 0, 0, 0, 0, 0, 0, 0, 0, 0, 0.0, 0.0]],
      [
        "__reversed_content",
        [
          2, 8, 5, 10, 10, 15, 26.0, 49.82892142331044, 1.25, 62.28615177913805,
          3.4603417655076694, 0.016609640474436815
        ]
      ],
      [
        "__two_opt",
        [
          2, 4, 2, 4, 6, 6, 10.0, 15.509775004326936, 1.0, 15.509775004326936,
          0.861654166907052, 0.005169925001442312
        ]
      ],
      [
        "_delete_empty_road",
        [
          1, 2, 1, 2, 3, 3, 2.0, 4.754887502163469, 0.5, 2.3774437510817346,
          0.1320802083934297, 0.0015849625007211565
        ]
      ],
      ["mutate", [0, 0, 0, 0, 0, 0, 0, 0, 0, 0, 0.0, 0.0]],
      ["validate", [0, 0, 0, 0, 0, 0, 0, 0, 0, 0, 0.0, 0.0]],
      ["get_solution", [0, 0, 0, 0, 0, 0, 0, 0, 0, 0, 0.0, 0.0]],
      [
        "__choose_road",
        [
          1, 1, 1, 1, 2, 2, 0.0, 2.0, 0.5, 1.0, 0.05555555555555555,
          0.0006666666666666666
        ]
      ],
      [
        "__insert_points",
        [
          1, 2, 1, 2, 3, 3, 2.0, 4.754887502163469, 0.5, 2.3774437510817346,
          0.1320802083934297, 0.0015849625007211565
        ]
      ],
      ["__update_solution", [0, 0, 0, 0, 0, 0, 0, 0, 0, 0, 0.0, 0.0]],
      ["crossover", [0, 0, 0, 0, 0, 0, 0, 0, 0, 0, 0.0, 0.0]],
      [
        "is_valid",
        [
          1, 1, 1, 1, 2, 2, 0.0, 2.0, 0.5, 1.0, 0.05555555555555555,
          0.0006666666666666666
        ]
      ],
      ["__copy__", [0, 0, 0, 0, 0, 0, 0, 0, 0, 0, 0.0, 0.0]],
      ["tuple_to_list", [0, 0, 0, 0, 0, 0, 0, 0, 0, 0, 0.0, 0.0]],
      ["__init__", [0, 0, 0, 0, 0, 0, 0, 0, 0, 0, 0.0, 0.0]],
      [
        "is_depot",
        [
          1, 2, 1, 2, 3, 3, 2.0, 4.754887502163469, 0.5, 2.3774437510817346,
          0.1320802083934297, 0.0015849625007211565
        ]
      ],
      ["get_depot", [0, 0, 0, 0, 0, 0, 0, 0, 0, 0, 0.0, 0.0]],
      ["get_distance", [0, 0, 0, 0, 0, 0, 0, 0, 0, 0, 0.0, 0.0]],
      ["get_time_used", [0, 0, 0, 0, 0, 0, 0, 0, 0, 0, 0.0, 0.0]],
      ["get_chargers", [0, 0, 0, 0, 0, 0, 0, 0, 0, 0, 0.0, 0.0]],
      [
        "is_charger",
        [
          1, 2, 1, 2, 3, 3, 2.0, 4.754887502163469, 0.5, 2.3774437510817346,
          0.1320802083934297, 0.0015849625007211565
        ]
      ],
      ["get_demand", [0, 0, 0, 0, 0, 0, 0, 0, 0, 0, 0.0, 0.0]],
      [
        "get_batterie_consumption",
        [
          1, 2, 1, 2, 3, 3, 2.0, 4.754887502163469, 0.5, 2.3774437510817346,
          0.1320802083934297, 0.0015849625007211565
        ]
      ],
      ["get_batterie_charging_rate", [0, 0, 0, 0, 0, 0, 0, 0, 0, 0, 0.0, 0.0]],
      ["get_ev_count", [0, 0, 0, 0, 0, 0, 0, 0, 0, 0, 0.0, 0.0]],
      ["get_ev_capacity", [0, 0, 0, 0, 0, 0, 0, 0, 0, 0, 0.0, 0.0]],
      ["get_ev_battery", [0, 0, 0, 0, 0, 0, 0, 0, 0, 0, 0.0, 0.0]],
      ["get_tw", [0, 0, 0, 0, 0, 0, 0, 0, 0, 0, 0.0, 0.0]],
      [
        "get_towns",
        [
          2, 3, 2, 3, 5, 5, 6.754887502163469, 11.60964047443681, 1.0,
          11.60964047443681, 0.6449800263576005, 0.0038698801581456034
        ]
      ]
    ]
  },
  "src/cvrp/ga.py": {
    "total": [
      10, 34, 21, 40, 44, 61, 206.1930175513852, 333.0253287368751,
      5.882352941176471, 1958.9725219816185, 108.83180677675658,
      0.1110084429122917
    ],
    "functions": [
      [
        "__init__",
        [
          3, 6, 4, 6, 9, 10, 20.264662506490406, 31.699250014423125, 1.5,
          47.548875021634686, 2.6416041678685938, 0.010566416671474375
        ]
      ],
      [
        "run",
        [
          7, 19, 12, 24, 26, 36, 100.36210720983135, 169.21582985307933,
          4.421052631578948, 748.1120898767718, 41.56178277093177,
          0.05640527661769311
        ]
      ],
      [
        "_crossbreed",
        [
          3, 7, 4, 8, 10, 12, 24.406371956566698, 39.863137138648355,
          1.7142857142857142, 68.33680652339717, 3.796489251299843,
          0.013287712379549451
        ]
      ],
      [
        "_mutate",
        [
          1, 2, 1, 2, 3, 3, 2.0, 4.754887502163469, 0.5, 2.3774437510817346,
          0.1320802083934297, 0.0015849625007211565
        ]
      ],
      ["__len__", [0, 0, 0, 0, 0, 0, 0, 0, 0, 0, 0.0, 0.0]]
    ]
  },
  "src/cvrp/individual.py": {
    "total": [0, 0, 0, 0, 0, 0, 0, 0, 0, 0, 0.0, 0.0],